[
  {
    "name": "snapshot01",
    "number": 1,
    "message": "Original D3 Bar Chart Example",
    "files": [
      "index.html",
      "data.tsv"
    ],
    "url": "https://github.com/curran/screencasts/tree/gh-pages/introToAngular/examples/snapshots/snapshot01",
    "runUrl": "http://curran.github.io/screencasts/introToAngular/examples/snapshots/snapshot01"
  },
  {
    "name": "snapshot02",
    "number": 2,
    "message": "Split into HTML, CSS and JS files",
    "files": [
      "index.html",
      "barChart.js",
      "styles.css",
      "data.tsv"
    ],
    "url": "https://github.com/curran/screencasts/tree/gh-pages/introToAngular/examples/snapshots/snapshot02",
    "runUrl": "http://curran.github.io/screencasts/introToAngular/examples/snapshots/snapshot02"
  },
  {
    "name": "snapshot03",
    "number": 3,
    "message": "Implement Single Var Pattern",
    "files": [
      "index.html",
      "barChart.js",
      "styles.css",
      "data.tsv"
    ],
    "url": "https://github.com/curran/screencasts/tree/gh-pages/introToAngular/examples/snapshots/snapshot03",
    "runUrl": "http://curran.github.io/screencasts/introToAngular/examples/snapshots/snapshot03"
  },
  {
    "name": "snapshot04",
    "number": 4,
    "message": "Make HTML structure explicit",
    "files": [
      "index.html",
      "barChart.js",
      "styles.css",
      "data.tsv"
    ],
    "url": "https://github.com/curran/screencasts/tree/gh-pages/introToAngular/examples/snapshots/snapshot04",
    "runUrl": "http://curran.github.io/screencasts/introToAngular/examples/snapshots/snapshot04"
  },
  {
    "name": "snapshot05",
    "number": 5,
    "message": "Split bar chart and main program",
    "files": [
      "index.html",
      "main.js",
      "barChart.js",
      "styles.css",
      "data.tsv"
    ],
    "url": "https://github.com/curran/screencasts/tree/gh-pages/introToAngular/examples/snapshots/snapshot05",
    "runUrl": "http://curran.github.io/screencasts/introToAngular/examples/snapshots/snapshot05"
  },
  {
    "name": "snapshot06",
    "number": 6,
    "message": "Split up SVG and Group creation and configuration",
    "files": [
      "index.html",
      "main.js",
      "barChart.js",
      "styles.css",
      "data.tsv"
    ],
    "url": "https://github.com/curran/screencasts/tree/gh-pages/introToAngular/examples/snapshots/snapshot06",
    "runUrl": "http://curran.github.io/screencasts/introToAngular/examples/snapshots/snapshot06"
  },
  {
    "name": "snapshot07",
    "number": 7,
    "message": "Split up X axis group creation and configuration",
    "files": [
      "index.html",
      "main.js",
      "barChart.js",
      "styles.css",
      "data.tsv"
    ],
    "url": "https://github.com/curran/screencasts/tree/gh-pages/introToAngular/examples/snapshots/snapshot07",
    "runUrl": "http://curran.github.io/screencasts/introToAngular/examples/snapshots/snapshot07"
  },
  {
    "name": "snapshot08",
    "number": 8,
    "message": "Split up Y axis group creation and configuration",
    "files": [
      "index.html",
      "main.js",
      "barChart.js",
      "styles.css",
      "data.tsv"
    ],
    "url": "https://github.com/curran/screencasts/tree/gh-pages/introToAngular/examples/snapshots/snapshot08",
    "runUrl": "http://curran.github.io/screencasts/introToAngular/examples/snapshots/snapshot08"
  },
  {
    "name": "snapshot09",
    "number": 9,
    "message": "Split up enter and update for bars",
    "files": [
      "index.html",
      "main.js",
      "barChart.js",
      "styles.css",
      "data.tsv"
    ],
    "url": "https://github.com/curran/screencasts/tree/gh-pages/introToAngular/examples/snapshots/snapshot09",
    "runUrl": "http://curran.github.io/screencasts/introToAngular/examples/snapshots/snapshot09"
  },
  {
    "name": "snapshot10",
    "number": 10,
    "message": "Isolate hard-coded visualization size",
    "files": [
      "index.html",
      "main.js",
      "barChart.js",
      "styles.css",
      "data.tsv"
    ],
    "url": "https://github.com/curran/screencasts/tree/gh-pages/introToAngular/examples/snapshots/snapshot10",
    "runUrl": "http://curran.github.io/screencasts/introToAngular/examples/snapshots/snapshot10"
  },
  {
    "name": "snapshot11",
    "number": 11,
    "message": "Allow CSS to determine visualization size",
    "files": [
      "index.html",
      "main.js",
      "barChart.js",
      "styles.css",
      "data.tsv"
    ],
    "url": "https://github.com/curran/screencasts/tree/gh-pages/introToAngular/examples/snapshots/snapshot11",
    "runUrl": "http://curran.github.io/screencasts/introToAngular/examples/snapshots/snapshot11"
  },
  {
    "name": "snapshot12",
    "number": 12,
    "message": "Add resize support",
    "files": [
      "index.html",
      "main.js",
      "barChart.js",
      "styles.css",
      "data.tsv"
    ],
    "url": "https://github.com/curran/screencasts/tree/gh-pages/introToAngular/examples/snapshots/snapshot12",
    "runUrl": "http://curran.github.io/screencasts/introToAngular/examples/snapshots/snapshot12"
  },
  {
    "name": "snapshot13",
    "number": 13,
    "message": "Eliminate multiple data fetching",
    "files": [
      "index.html",
      "main.js",
      "barChart.js",
      "styles.css",
      "data.tsv"
    ],
    "url": "https://github.com/curran/screencasts/tree/gh-pages/introToAngular/examples/snapshots/snapshot13",
    "runUrl": "http://curran.github.io/screencasts/introToAngular/examples/snapshots/snapshot13"
  },
  {
    "name": "snapshot14",
    "number": 14,
    "message": "Move data fetching to main",
    "files": [
      "index.html",
      "main.js",
      "barChart.js",
      "styles.css",
      "data.tsv"
    ],
    "url": "https://github.com/curran/screencasts/tree/gh-pages/introToAngular/examples/snapshots/snapshot14",
    "runUrl": "http://curran.github.io/screencasts/introToAngular/examples/snapshots/snapshot14"
  },
  {
    "name": "snapshot15",
    "number": 15,
    "message": "Reset data each second",
    "files": [
      "index.html",
      "main.js",
      "barChart.js",
      "styles.css",
      "data.tsv"
    ],
    "url": "https://github.com/curran/screencasts/tree/gh-pages/introToAngular/examples/snapshots/snapshot15",
    "runUrl": "http://curran.github.io/screencasts/introToAngular/examples/snapshots/snapshot15"
  },
  {
    "name": "snapshot16",
    "number": 16,
    "message": "Handling the exit() case for bars",
    "files": [
      "index.html",
      "main.js",
      "barChart.js",
      "styles.css",
      "data.tsv"
    ],
    "url": "https://github.com/curran/screencasts/tree/gh-pages/introToAngular/examples/snapshots/snapshot16",
    "runUrl": "http://curran.github.io/screencasts/introToAngular/examples/snapshots/snapshot16"
  },
  {
    "name": "snapshot17",
    "number": 17,
    "message": "Isolating the model",
    "files": [
      "index.html",
      "main.js",
      "barChart.js",
      "styles.css",
      "data.tsv"
    ],
    "url": "https://github.com/curran/screencasts/tree/gh-pages/introToAngular/examples/snapshots/snapshot17",
    "runUrl": "http://curran.github.io/screencasts/introToAngular/examples/snapshots/snapshot17"
  },
  {
    "name": "snapshot18",
    "number": 18,
    "message": "Using a Backbone Model to drive the visualization",
    "files": [
      "index.html",
      "main.js",
      "barChart.js",
      "styles.css",
      "data.tsv"
    ],
    "url": "https://github.com/curran/screencasts/tree/gh-pages/introToAngular/examples/snapshots/snapshot18",
    "runUrl": "http://curran.github.io/screencasts/introToAngular/examples/snapshots/snapshot18"
  },
  {
    "name": "snapshot19",
    "number": 19,
    "message": "Model driven updates",
    "files": [
      "index.html",
      "main.js",
      "barChart.js",
      "styles.css",
      "data.tsv"
    ],
    "url": "https://github.com/curran/screencasts/tree/gh-pages/introToAngular/examples/snapshots/snapshot19",
    "runUrl": "http://curran.github.io/screencasts/introToAngular/examples/snapshots/snapshot19"
  },
  {
    "name": "snapshot20",
    "number": 20,
    "message": "Demonstrating redundant update calls",
    "files": [
      "index.html",
      "main.js",
      "barChart.js",
      "styles.css",
      "data.tsv"
    ],
    "url": "https://github.com/curran/screencasts/tree/gh-pages/introToAngular/examples/snapshots/snapshot20",
    "runUrl": "http://curran.github.io/screencasts/introToAngular/examples/snapshots/snapshot20"
  },
  {
    "name": "snapshot21",
    "number": 21,
    "message": "Eliminating redundant update calls using debounce",
    "files": [
      "index.html",
      "main.js",
      "barChart.js",
      "styles.css",
      "data.tsv"
    ],
    "url": "https://github.com/curran/screencasts/tree/gh-pages/introToAngular/examples/snapshots/snapshot21",
    "runUrl": "http://curran.github.io/screencasts/introToAngular/examples/snapshots/snapshot21"
  },
  {
    "name": "snapshot22",
    "number": 22,
    "message": "Introducing when()",
    "files": [
      "index.html",
      "main.js",
      "barChart.js",
      "styles.css",
      "data.tsv"
    ],
    "url": "https://github.com/curran/screencasts/tree/gh-pages/introToAngular/examples/snapshots/snapshot22",
    "runUrl": "http://curran.github.io/screencasts/introToAngular/examples/snapshots/snapshot22"
  },
  {
    "name": "snapshot23",
    "number": 23,
    "message": "Moving the margin into the model",
    "files": [
      "index.html",
      "main.js",
      "barChart.js",
      "styles.css",
      "data.tsv"
    ],
    "url": "https://github.com/curran/screencasts/tree/gh-pages/introToAngular/examples/snapshots/snapshot23",
    "runUrl": "http://curran.github.io/screencasts/introToAngular/examples/snapshots/snapshot23"
  },
  {
    "name": "snapshot24",
    "number": 24,
    "message": "Adding (width, height) computed properties",
    "files": [
      "index.html",
      "main.js",
      "barChart.js",
      "styles.css",
      "data.tsv"
    ],
    "url": "https://github.com/curran/screencasts/tree/gh-pages/introToAngular/examples/snapshots/snapshot24",
    "runUrl": "http://curran.github.io/screencasts/introToAngular/examples/snapshots/snapshot24"
  },
  {
    "name": "snapshot25",
    "number": 25,
    "message": "Updating X axis transform on height change only",
    "files": [
      "index.html",
      "main.js",
      "barChart.js",
      "styles.css",
      "data.tsv"
    ],
    "url": "https://github.com/curran/screencasts/tree/gh-pages/introToAngular/examples/snapshots/snapshot25",
    "runUrl": "http://curran.github.io/screencasts/introToAngular/examples/snapshots/snapshot25"
  },
  {
    "name": "snapshot26",
    "number": 26,
    "message": "Adding Y Axis Label to the model",
    "files": [
      "index.html",
      "main.js",
      "barChart.js",
      "styles.css",
      "data.tsv"
    ],
    "url": "https://github.com/curran/screencasts/tree/gh-pages/introToAngular/examples/snapshots/snapshot26",
    "runUrl": "http://curran.github.io/screencasts/introToAngular/examples/snapshots/snapshot26"
  },
  {
    "name": "snapshot27",
    "number": 27,
    "message": "Modifying when() to accept a 'this' argument",
    "files": [
      "index.html",
      "main.js",
      "barChart.js",
      "styles.css",
      "data.tsv"
    ],
    "url": "https://github.com/curran/screencasts/tree/gh-pages/introToAngular/examples/snapshots/snapshot27",
    "runUrl": "http://curran.github.io/screencasts/introToAngular/examples/snapshots/snapshot27"
  },
  {
    "name": "snapshot28",
    "number": 28,
    "message": "Cleaning up when()",
    "files": [
      "index.html",
      "main.js",
      "barChart.js",
      "styles.css",
      "data.tsv"
    ],
    "url": "https://github.com/curran/screencasts/tree/gh-pages/introToAngular/examples/snapshots/snapshot28",
    "runUrl": "http://curran.github.io/screencasts/introToAngular/examples/snapshots/snapshot28"
  },
  {
    "name": "snapshot29",
    "number": 29,
    "message": "Extracting when() into a separate script",
    "files": [
      "index.html",
      "main.js",
      "barChart.js",
      "when.js",
      "styles.css",
      "data.tsv"
    ],
    "url": "https://github.com/curran/screencasts/tree/gh-pages/introToAngular/examples/snapshots/snapshot29",
    "runUrl": "http://curran.github.io/screencasts/introToAngular/examples/snapshots/snapshot29"
  },
  {
    "name": "snapshot30",
    "number": 30,
    "message": "",
    "files": [
      "index.html",
      "main.js",
      "barChart.js",
      "when.js",
      "styles.css",
      "data.tsv"
    ],
    "url": "https://github.com/curran/screencasts/tree/gh-pages/introToAngular/examples/snapshots/snapshot30",
    "runUrl": "http://curran.github.io/screencasts/introToAngular/examples/snapshots/snapshot30"
  }
]